--
-- PostgreSQL database dump
--

-- Dumped from database version 16.3
-- Dumped by pg_dump version 16.3

-- Started on 2024-08-12 20:23:45

SET statement_timeout = 0;
SET lock_timeout = 0;
SET idle_in_transaction_session_timeout = 0;
SET client_encoding = 'UTF8';
SET standard_conforming_strings = on;
SELECT pg_catalog.set_config('search_path', '', false);
SET check_function_bodies = false;
SET xmloption = content;
SET client_min_messages = warning;
SET row_security = off;

--
-- TOC entry 4 (class 2615 OID 2200)
-- Name: public; Type: SCHEMA; Schema: -; Owner: pg_database_owner
--

CREATE SCHEMA public;


ALTER SCHEMA public OWNER TO pg_database_owner;

--
-- TOC entry 4807 (class 0 OID 0)
-- Dependencies: 4
-- Name: SCHEMA public; Type: COMMENT; Schema: -; Owner: pg_database_owner
--

COMMENT ON SCHEMA public IS 'standard public schema';


SET default_tablespace = '';

SET default_table_access_method = heap;

--
-- TOC entry 216 (class 1259 OID 24577)
-- Name: personas; Type: TABLE; Schema: public; Owner: postgres
--

CREATE TABLE public.personas (
    id bigint NOT NULL,
    email character varying(255),
    nombre character varying(255),
    telefono character varying(255)
);


ALTER TABLE public.personas OWNER TO postgres;

--
-- TOC entry 215 (class 1259 OID 24576)
-- Name: personas_id_seq; Type: SEQUENCE; Schema: public; Owner: postgres
--

ALTER TABLE public.personas ALTER COLUMN id ADD GENERATED BY DEFAULT AS IDENTITY (
    SEQUENCE NAME public.personas_id_seq
    START WITH 1
    INCREMENT BY 1
    NO MINVALUE
    NO MAXVALUE
    CACHE 1
);


--
-- TOC entry 220 (class 1259 OID 24610)
-- Name: reservas; Type: TABLE; Schema: public; Owner: postgres
--

CREATE TABLE public.reservas (
    id bigint NOT NULL,
    estado smallint,
    fecha timestamp(6) without time zone,
    persona_id bigint,
    servicio_id bigint,
    CONSTRAINT reservas_estado_check CHECK (((estado >= 0) AND (estado <= 2)))
);


ALTER TABLE public.reservas OWNER TO postgres;

--
-- TOC entry 219 (class 1259 OID 24609)
-- Name: reservas_id_seq; Type: SEQUENCE; Schema: public; Owner: postgres
--

ALTER TABLE public.reservas ALTER COLUMN id ADD GENERATED BY DEFAULT AS IDENTITY (
    SEQUENCE NAME public.reservas_id_seq
    START WITH 1
    INCREMENT BY 1
    NO MINVALUE
    NO MAXVALUE
    CACHE 1
);


--
-- TOC entry 218 (class 1259 OID 24592)
-- Name: servicios; Type: TABLE; Schema: public; Owner: postgres
--

CREATE TABLE public.servicios (
    id bigint NOT NULL,
    descripcion character varying(255),
    nombre character varying(255),
    precio double precision
);


ALTER TABLE public.servicios OWNER TO postgres;

--
-- TOC entry 217 (class 1259 OID 24591)
-- Name: servicios_id_seq; Type: SEQUENCE; Schema: public; Owner: postgres
--

ALTER TABLE public.servicios ALTER COLUMN id ADD GENERATED BY DEFAULT AS IDENTITY (
    SEQUENCE NAME public.servicios_id_seq
    START WITH 1
    INCREMENT BY 1
    NO MINVALUE
    NO MAXVALUE
    CACHE 1
);


--
-- TOC entry 4797 (class 0 OID 24577)
-- Dependencies: 216
-- Data for Name: personas; Type: TABLE DATA; Schema: public; Owner: postgres
--

COPY public.personas (id, email, nombre, telefono) FROM stdin;
1	juan.perez@example.com	Juan Pérez	555-1234
2	ana.gomez@example.com	Ana Gómez	555-5678
3	carlos.martinez@example.com	Carlos Martínez	555-9876
4	laura.fernandez@example.com	Laura Fernández	555-4321
\.


--
-- TOC entry 4801 (class 0 OID 24610)
-- Dependencies: 220
-- Data for Name: reservas; Type: TABLE DATA; Schema: public; Owner: postgres
--

COPY public.reservas (id, estado, fecha, persona_id, servicio_id) FROM stdin;
1	2	2024-09-10 23:30:00	3	3
6	2	2024-10-10 10:00:00	4	2
2	2	2024-09-27 20:30:00	3	2
7	2	2024-10-10 11:00:00	4	4
3	2	2024-10-10 18:30:00	3	3
5	2	2024-10-20 20:00:00	1	1
9	2	2024-08-16 10:44:00	3	4
4	2	2024-10-10 18:30:00	2	2
10	2	2024-08-14 12:47:00	1	3
11	2	2024-08-21 14:23:00	3	1
12	2	2024-08-21 12:12:00	1	1
14	2	2024-08-21 18:12:00	3	1
15	2	2024-08-15 12:12:00	3	3
8	2	2024-10-10 09:00:00	4	4
17	0	2024-08-29 19:53:00	3	4
13	0	2024-08-22 19:02:00	2	1
18	2	2024-08-22 21:08:00	4	1
19	0	2024-08-16 07:00:00	4	4
16	2	2024-08-15 22:50:00	1	3
20	2	2024-08-14 19:05:00	1	2
\.


--
-- TOC entry 4799 (class 0 OID 24592)
-- Dependencies: 218
-- Data for Name: servicios; Type: TABLE DATA; Schema: public; Owner: postgres
--

COPY public.servicios (id, descripcion, nombre, precio) FROM stdin;
1	Un plato gourmet de temporada con una bebida.	Almuerzo Gourmet	25.99
2	Cena de tres tiempos con selección de vino.	Cena Especial	49.99
3	Menú especial para niños, incluye postre.	Menú Infantil	8.99
4	Incluye croissants, café y jugo de naranja.	Desayuno Continental	12.99
\.


--
-- TOC entry 4808 (class 0 OID 0)
-- Dependencies: 215
-- Name: personas_id_seq; Type: SEQUENCE SET; Schema: public; Owner: postgres
--

SELECT pg_catalog.setval('public.personas_id_seq', 4, true);


--
-- TOC entry 4809 (class 0 OID 0)
-- Dependencies: 219
-- Name: reservas_id_seq; Type: SEQUENCE SET; Schema: public; Owner: postgres
--

SELECT pg_catalog.setval('public.reservas_id_seq', 20, true);


--
-- TOC entry 4810 (class 0 OID 0)
-- Dependencies: 217
-- Name: servicios_id_seq; Type: SEQUENCE SET; Schema: public; Owner: postgres
--

SELECT pg_catalog.setval('public.servicios_id_seq', 7, true);


--
-- TOC entry 4646 (class 2606 OID 24583)
-- Name: personas personas_pkey; Type: CONSTRAINT; Schema: public; Owner: postgres
--

ALTER TABLE ONLY public.personas
    ADD CONSTRAINT personas_pkey PRIMARY KEY (id);


--
-- TOC entry 4650 (class 2606 OID 24615)
-- Name: reservas reservas_pkey; Type: CONSTRAINT; Schema: public; Owner: postgres
--

ALTER TABLE ONLY public.reservas
    ADD CONSTRAINT reservas_pkey PRIMARY KEY (id);


--
-- TOC entry 4648 (class 2606 OID 24598)
-- Name: servicios servicios_pkey; Type: CONSTRAINT; Schema: public; Owner: postgres
--

ALTER TABLE ONLY public.servicios
    ADD CONSTRAINT servicios_pkey PRIMARY KEY (id);


--
-- TOC entry 4651 (class 2606 OID 24621)
-- Name: reservas fk4ko05njxmb92d79kfql8vc4bs; Type: FK CONSTRAINT; Schema: public; Owner: postgres
--

ALTER TABLE ONLY public.reservas
    ADD CONSTRAINT fk4ko05njxmb92d79kfql8vc4bs FOREIGN KEY (servicio_id) REFERENCES public.servicios(id);


--
-- TOC entry 4652 (class 2606 OID 24616)
-- Name: reservas fkqtow94x0wo3bxc4mvd3526x0r; Type: FK CONSTRAINT; Schema: public; Owner: postgres
--

ALTER TABLE ONLY public.reservas
    ADD CONSTRAINT fkqtow94x0wo3bxc4mvd3526x0r FOREIGN KEY (persona_id) REFERENCES public.personas(id);


-- Completed on 2024-08-12 20:23:45

--
-- PostgreSQL database dump complete
--

